"ShaderTypeName","ShaderType","Frequency","NumShaders","ShadersSize"
"FARGB16BigConvertPS","Global","SF_Pixel","1","7489"
"FAYUVConvertPS","Global","SF_Pixel","1","5671"
"FAccumulateCubeFacesPS","Global","SF_Pixel","1","5114"
"FAccumulateDiffuseIrradiancePS","Global","SF_Pixel","1","7426"
"FAllocateBottomLevelGrid","Global","SF_Compute","2","14046"
"FAllocatePagesCS","Global","SF_Compute","12","167496"
"FAllocateProbeTracesCS","Global","SF_Compute","1","9883"
"FAllocateSparseVoxels","Global","SF_Compute","1","6448"
"FAllocateSparseVoxelsToRefine","Global","SF_Compute","1","7927"
"FAllocateUsedProbesCS","Global","SF_Compute","2","19712"
"FAlphaInvertPS","Global","SF_Pixel","1","4227"
"FAmbientCubemapCompositePS","Global","SF_Pixel","1","13566"
"FAmbientOcclusionCS","Global","SF_Compute","14","208557"
"FAmbientOcclusionPS","Global","SF_Pixel","18","261816"
"FAmbientOcclusionSetupPS","Global","SF_Pixel","1","7988"
"FAmbientOcclusionSmoothCS","Global","SF_Compute","1","5927"
"FApplyLightShaftsPixelShader","Global","SF_Pixel","1","4876"
"FApplyLocalExposureCS","Global","SF_Compute","1","9692"
"FApplyLowerHemisphereColorPS","Global","SF_Pixel","1","6259"
"FBMPConvertPS","Global","SF_Pixel","1","5307"
"FBasicEyeAdaptationCS","Global","SF_Compute","2","22730"
"FBasicEyeAdaptationSetupPS","Global","SF_Pixel","1","5836"
"FBinkDrawICtCpPS","Global","SF_Pixel","8","49375"
"FBinkDrawVS","Global","SF_Vertex","1","5023"
"FBinkDrawYCbCrPS","Global","SF_Pixel","4","21279"
"FBlendDistortionDisplacementMapCS","Global","SF_Compute","4","24540"
"FBloomClampKernelCS","Global","SF_Compute","1","5846"
"FBloomDownsampleKernelCS","Global","SF_Compute","1","5567"
"FBloomFinalizeApplyConstantsCS","Global","SF_Compute","1","5970"
"FBloomFindKernelCenterCS","Global","SF_Compute","1","7812"
"FBloomPackKernelConstantsCS","Global","SF_Compute","1","5670"
"FBloomReduceKernelSurveyCS","Global","SF_Compute","1","5700"
"FBloomResizeKernelCS","Global","SF_Compute","1","8344"
"FBloomSetupCS","Global","SF_Compute","4","33410"
"FBloomSetupPS","Global","SF_Pixel","4","30819"
"FBloomSumScatterDispersionEnergyCS","Global","SF_Compute","1","6544"
"FBloomSurveyKernelCenterEnergyCS","Global","SF_Compute","1","7243"
"FBloomSurveyMaxScatterDispersionCS","Global","SF_Compute","1","7420"
"FBlurLightShaftsPixelShader","Global","SF_Pixel","1","6846"
"FBuildCardsUpdateListCS","Global","SF_Compute","2","25550"
"FBuildFeedbackHashTableCS","Global","SF_Compute","2","13637"
"FBuildFeedbackHashTableIndirectArgsCS","Global","SF_Compute","1","5275"
"FBuildGridTilesCS","Global","SF_Compute","1","9909"
"FBuildHeightfieldComposeTilesCS","Global","SF_Compute","1","5948"
"FBuildHeightfieldComposeTilesIndirectArgBufferCS","Global","SF_Compute","1","4682"
"FBuildIndirectDispatchArgsBufferCS","Global","SF_Compute","1","5350"
"FBuildInstanceIdBufferAndCommandsFromPrimitiveIdsCs","Global","SF_Compute","64","1320779"
"FBuildLandscapeTileDataCS","Global","SF_Compute","1","12260"
"FBuildLightTilesCS","Global","SF_Compute","6","122312"
"FBuildMajorantVoxelGridCS","Global","SF_Compute","2","12524"
"FBuildPageUpdatePriorityHistogramCS","Global","SF_Compute","2","21446"
"FBuildPhysicsFieldClipmapCS","Global","SF_Compute","1","25424"
"FBuildRadiosityTilesCS","Global","SF_Compute","1","7758"
"FBuildShadingEnergyConservationTableCS","Global","SF_Compute","4","32593"
"FBuildTileConesCS","Global","SF_Compute","1","9746"
"FBuildVisualizeProbesCS","Global","SF_Compute","1","12529"
"FCalculateCardTileDepthRangesCS","Global","SF_Compute","1","7813"
"FCalculateCompactBlockInstanceOffsetsCs","Global","SF_Compute","1","6852"
"FCalculateExposureIlluminanceCS","Global","SF_Compute","1","16120"
"FCalculateProbeIrradianceCS","Global","SF_Compute","1","9174"
"FCalibratedMapDerivedDataCS","Global","SF_Compute","17","115809"
"FCapsuleShadowingCS","Global","SF_Compute","15","356679"
"FCapsuleShadowingUpsamplePS","Global","SF_Pixel","4","29581"
"FCapsuleShadowingUpsampleVS","Global","SF_Vertex","1","6225"
"FClearAllocator","Global","SF_Compute","1","4030"
"FClearCardUpdateContextCS","Global","SF_Compute","1","5165"
"FClearCompressedAtlasCS","Global","SF_Compute","4","32911"
"FClearIndirectArgBufferCS","Global","SF_Compute","1","4604"
"FClearIndirectArgInstanceCountCs","Global","SF_Compute","1","4651"
"FClearIndirectDispatchArgsCS","Global","SF_Compute","1","4919"
"FClearLumenCardCapturePS","Global","SF_Pixel","1","3729"
"FClearLumenCardsPS","Global","SF_Pixel","2","7332"
"FClearMessageBufferCS","Global","SF_Compute","1","4346"
"FClearPressureGridCS","Global","SF_Compute","1","5888"
"FClearProbeFreeList","Global","SF_Compute","1","5278"
"FClearProbeIndirectionCS","Global","SF_Compute","1","4125"
"FClearProbePDFs","Global","SF_Compute","1","4489"
"FClearRadianceCacheUpdateResourcesCS","Global","SF_Compute","1","5528"
"FClearReplacementCS_Buffer_Float4_Bounds","Global","SF_Compute","1","4771"
"FClearReplacementCS_Buffer_Float_Bounds","Global","SF_Compute","1","4833"
"FClearReplacementCS_Buffer_Sint4_Bounds","Global","SF_Compute","1","4750"
"FClearReplacementCS_Buffer_Uint","Global","SF_Compute","1","4503"
"FClearReplacementCS_Buffer_Uint4","Global","SF_Compute","1","4486"
"FClearReplacementCS_Buffer_Uint4_Bounds","Global","SF_Compute","1","4748"
"FClearReplacementCS_Buffer_Uint_Bounds","Global","SF_Compute","1","4830"
"FClearReplacementCS_Buffer_Uint_Zero","Global","SF_Compute","1","4130"
"FClearReplacementCS_LargeBuffer_Float4_Bounds","Global","SF_Compute","1","4759"
"FClearReplacementCS_LargeBuffer_Float_Bounds","Global","SF_Compute","1","4837"
"FClearReplacementCS_LargeBuffer_Sint4_Bounds","Global","SF_Compute","1","4735"
"FClearReplacementCS_LargeBuffer_Uint","Global","SF_Compute","1","4495"
"FClearReplacementCS_LargeBuffer_Uint4","Global","SF_Compute","1","4485"
"FClearReplacementCS_LargeBuffer_Uint4_Bounds","Global","SF_Compute","1","4742"
"FClearReplacementCS_LargeBuffer_Uint_Bounds","Global","SF_Compute","1","4825"
"FClearReplacementCS_StructuredBuffer_Float4_Bounds","Global","SF_Compute","1","5009"
"FClearReplacementCS_StructuredBuffer_Float_Bounds","Global","SF_Compute","1","5049"
"FClearReplacementCS_StructuredBuffer_Sint4_Bounds","Global","SF_Compute","1","4987"
"FClearReplacementCS_StructuredBuffer_Uint","Global","SF_Compute","1","4671"
"FClearReplacementCS_StructuredBuffer_Uint4","Global","SF_Compute","1","4625"
"FClearReplacementCS_StructuredBuffer_Uint4_Bounds","Global","SF_Compute","1","4862"
"FClearReplacementCS_StructuredBuffer_Uint_Bounds","Global","SF_Compute","1","4969"
"FClearReplacementCS_StructuredBuffer_Uint_Zero","Global","SF_Compute","1","4376"
"FClearReplacementCS_Texture2DArray_Float4","Global","SF_Compute","1","4488"
"FClearReplacementCS_Texture2DArray_Float4_Bounds","Global","SF_Compute","1","4748"
"FClearReplacementCS_Texture2DArray_Sint4_Bounds","Global","SF_Compute","1","4742"
"FClearReplacementCS_Texture2DArray_Uint","Global","SF_Compute","1","4537"
"FClearReplacementCS_Texture2DArray_Uint4","Global","SF_Compute","1","4486"
"FClearReplacementCS_Texture2DArray_Uint4_Bounds","Global","SF_Compute","1","4723"
"FClearReplacementCS_Texture2DArray_Uint_Zero","Global","SF_Compute","1","4162"
"FClearReplacementCS_Texture2D_Float4","Global","SF_Compute","1","4477"
"FClearReplacementCS_Texture2D_Float4_Bounds","Global","SF_Compute","1","4716"
"FClearReplacementCS_Texture2D_Sint4_Bounds","Global","SF_Compute","1","4703"
"FClearReplacementCS_Texture2D_Uint4","Global","SF_Compute","1","4502"
"FClearReplacementCS_Texture2D_Uint4_Bounds","Global","SF_Compute","1","4688"
"FClearReplacementCS_Texture3D_Float4","Global","SF_Compute","1","4481"
"FClearReplacementCS_Texture3D_Float4_Bounds","Global","SF_Compute","1","4717"
"FClearReplacementCS_Texture3D_Sint4_Bounds","Global","SF_Compute","1","4686"
"FClearReplacementCS_Texture3D_Uint4","Global","SF_Compute","1","4476"
"FClearReplacementCS_Texture3D_Uint4_Bounds","Global","SF_Compute","1","4679"
"FClearReplacementPS","Global","SF_Pixel","1","4238"
"FClearReplacementPS_128","Global","SF_Pixel","1","4238"
"FClearReplacementPS_Zero","Global","SF_Pixel","1","3667"
"FClearReplacementVS","Global","SF_Vertex","1","4133"
"FClearReplacementVS_Bounds","Global","SF_Vertex","1","4777"
"FClearReplacementVS_Depth","Global","SF_Vertex","1","4642"
"FClearTracesCS","Global","SF_Compute","1","4494"
"FClearTranslucentLightingVolumeCS","Global","SF_Compute","1","4414"
"FClearUAVBuildIndirectDispatchBufferCS","Global","SF_Compute","1","5092"
"FClearUAVCS","Global","SF_Compute","1","4827"
"FClearUAVRectsPS","Global","SF_Pixel","1","4649"
"FClearVelocityGridCS","Global","SF_Compute","1","4674"
"FCloudShadowFilterCS","Global","SF_Compute","2","12731"
"FCloudShadowTemporalProcessCS","Global","SF_Compute","1","8001"
"FClusteredShadingPS","Global","SF_Pixel","16","1574427"
"FClusteredShadingVS","Global","SF_Vertex","1","5920"
"FCombineConeVisibilityCS","Global","SF_Compute","1","7399"
"FCombineObjectIndexBuffersCS","Global","SF_Compute","1","4652"
"FCombineVolumetricShadowMapsCS","Global","SF_Compute","2","17416"
"FCompactCulledObjectsCS","Global","SF_Compute","4","21674"
"FCompactFeedbackHashTableCS","Global","SF_Compute","2","11661"
"FCompactLightTilesCS","Global","SF_Compute","1","6588"
"FCompactViewsVSM_CS","Global","SF_Compute","1","19116"
"FCompactVisibleInstancesCs","Global","SF_Compute","1","6934"
"FComplexFFTPassCS","Global","SF_Compute","1","8267"
"FComplexMultiplyImagesCS","Global","SF_Compute","1","6509"
"FComposeHeightfieldsIntoPagesCS","Global","SF_Compute","2","30551"
"FComposeMeshEdgesPS","Global","SF_Pixel","4","31434"
"FComposeSeparateTranslucencyPS","Global","SF_Pixel","2","15709"
"FComposeVolumetricRTOverScenePS","Global","SF_Pixel","64","1511852"
"FCompositeAnimatedVectorFieldCS","Global","SF_Compute","1","7740"
"FCompositeCoreDilateShader","Global","SF_Compute","3","20264"
"FCompositeCoreDisplayTransformShader","Global","SF_Pixel","1","5275"
"FCompositeCoreMergeShader","Global","SF_Pixel","2","16339"
"FCompositeEditorPrimitivesPS","Global","SF_Pixel","14","117340"
"FCompositeHDRForBlurPS","Global","SF_Pixel","2","11504"
"FCompositeHeightfieldsIntoObjectGridPagesCS","Global","SF_Compute","1","15674"
"FCompositeObjectsIntoObjectGridPagesCS","Global","SF_Compute","8","103475"
"FCompositeObjectsIntoPagesCS","Global","SF_Compute","16","212914"
"FCompositePS","Global","SF_Pixel","4","32464"
"FCompressVolumetricShadowMapCS","Global","SF_Compute","1","8885"
"FComputeBrightnessPS","Global","SF_Pixel","1","5134"
"FComputeCubeMaxLuminancePS","Global","SF_Pixel","1","5230"
"FComputeCulledObjectStartOffsetCS","Global","SF_Compute","1","6657"
"FComputeCulledObjectsStartOffsetCS","Global","SF_Compute","1","6423"
"FComputeCulledTilesStartOffsetCS","Global","SF_Compute","1","6453"
"FComputeDistanceFieldAssetWantedMipsCS","Global","SF_Compute","1","7134"
"FComputeDistanceFieldNormalCS","Global","SF_Compute","1","6275"
"FComputeDistanceFieldNormalPS","Global","SF_Pixel","1","5868"
"FComputeLightDirectionFromVolumetricLightmapCS","Global","SF_Compute","1","10063"
"FComputeLightTileOffsetsPerLightCS","Global","SF_Compute","2","10514"
"FComputeProbeWorldOffsetsCS","Global","SF_Compute","1","10694"
"FComputeSkyEnvMapDiffuseIrradianceCS","Global","SF_Compute","1","13243"
"FConeTraceScreenGridGlobalOcclusionCS","Global","SF_Compute","2","25772"
"FConeTraceScreenGridObjectOcclusionCS","Global","SF_Compute","4","62835"
"FConvertBeerLawShadowMapToVolumetricShadowMapCS","Global","SF_Compute","1","8722"
"FConvertTexture3DFixedPointToFloatCS","Global","SF_Compute","1","4567"
"FConvolveSpecularFaceCS","Global","SF_Compute","1","9322"
"FCopyBackgroundVisibilityPS","Global","SF_Pixel","2","8634"
"FCopyCardCaptureLightingToAtlasPS","Global","SF_Pixel","4","26507"
"FCopyCompressCS","Global","SF_Compute","20","200671"
"FCopyCubemapToCubeFacePS","Global","SF_Pixel","1","6526"
"FCopyCubemapToIlluminanceMeterCubemapPS","Global","SF_Pixel","1","6323"
"FCopyDepthPS","Global","SF_Pixel","2","8699"
"FCopyDiffuseIrradiancePS","Global","SF_Pixel","1","6863"
"FCopyDistanceFieldAtlasCS","Global","SF_Compute","1","4459"
"FCopyDistanceFieldIndirectionAtlasCS","Global","SF_Compute","1","5264"
"FCopyEyeAdaptationToTextureCS","Global","SF_Compute","1","4676"
"FCopyMaxIntoMajorantVoxelGridCS","Global","SF_Compute","1","4709"
"FCopyQuadsMultiSourcePSDefault","Global","SF_Pixel","2","17353"
"FCopyQuadsPS","Global","SF_Pixel","1","4249"
"FCopyRectPS","Global","SF_Pixel","1","4203"
"FCopyRectSrvPS","Global","SF_Pixel","1","4203"
"FCopySceneColorPS","Global","SF_Pixel","1","4503"
"FCopySceneColorTexturePS","Global","SF_Pixel","1","6586"
"FCopySceneColorToCubeFacePS","Global","SF_Pixel","1","6403"
"FCopyShadowMaps2DPS","Global","SF_Pixel","1","4335"
"FCopyShadowMapsCubePS","Global","SF_Pixel","1","4924"
"FCopyStencilToLightingChannelsPS","Global","SF_Pixel","1","4681"
"FCopyTexture3D","Global","SF_Compute","1","4882"
"FCopyTextureCS_Texture2DArray_Texture2DArray_Float4","Global","SF_Compute","1","4993"
"FCopyTextureCS_Texture2DArray_Texture2DArray_Int324","Global","SF_Compute","1","5002"
"FCopyTextureCS_Texture2DArray_Texture2DArray_Uint324","Global","SF_Compute","1","4990"
"FCopyTextureCS_Texture2DArray_Texture2D_Float4","Global","SF_Compute","1","4968"
"FCopyTextureCS_Texture2DArray_Texture2D_Int324","Global","SF_Compute","1","5042"
"FCopyTextureCS_Texture2DArray_Texture2D_Uint324","Global","SF_Compute","1","5047"
"FCopyTextureCS_Texture2DArray_Texture3D_Float4","Global","SF_Compute","1","4970"
"FCopyTextureCS_Texture2DArray_Texture3D_Int324","Global","SF_Compute","1","5036"
"FCopyTextureCS_Texture2DArray_Texture3D_Uint324","Global","SF_Compute","1","5036"
"FCopyTextureCS_Texture2D_Texture2DArray_Float4","Global","SF_Compute","1","5012"
"FCopyTextureCS_Texture2D_Texture2DArray_Int324","Global","SF_Compute","1","5017"
"FCopyTextureCS_Texture2D_Texture2DArray_Uint324","Global","SF_Compute","1","5020"
"FCopyTextureCS_Texture2D_Texture2D_Float4","Global","SF_Compute","1","4876"
"FCopyTextureCS_Texture2D_Texture2D_Int324","Global","SF_Compute","1","4864"
"FCopyTextureCS_Texture2D_Texture2D_Uint324","Global","SF_Compute","1","4862"
"FCopyTextureCS_Texture2D_Texture3D_Float4","Global","SF_Compute","1","4993"
"FCopyTextureCS_Texture2D_Texture3D_Int324","Global","SF_Compute","1","4974"
"FCopyTextureCS_Texture2D_Texture3D_Uint324","Global","SF_Compute","1","4977"
"FCopyTextureCS_Texture3D_Texture2DArray_Float4","Global","SF_Compute","1","5019"
"FCopyTextureCS_Texture3D_Texture2DArray_Int324","Global","SF_Compute","1","5023"
"FCopyTextureCS_Texture3D_Texture2DArray_Uint324","Global","SF_Compute","1","5023"
"FCopyTextureCS_Texture3D_Texture2D_Float4","Global","SF_Compute","1","4999"
"FCopyTextureCS_Texture3D_Texture2D_Int324","Global","SF_Compute","1","4979"
"FCopyTextureCS_Texture3D_Texture2D_Uint324","Global","SF_Compute","1","4986"
"FCopyTextureCS_Texture3D_Texture3D_Float4","Global","SF_Compute","1","4923"
"FCopyTextureCS_Texture3D_Texture3D_Int324","Global","SF_Compute","1","4919"
"FCopyTextureCS_Texture3D_Texture3D_Uint324","Global","SF_Compute","1","4917"
"FCopyToCubeFaceVS","Global","SF_Vertex","1","5999"
"FCopyUIntBufferCS","Global","SF_Compute","1","4930"
"FCopyVelocityGridCS","Global","SF_Compute","1","4907"
"FCopyWindowCS","Global","SF_Compute","1","5547"
"FCropDistortionDisplacementMapCS","Global","SF_Compute","1","4788"
"FCrosshairOverlayPS","Global","SF_Pixel","1","5238"
"FCubeDownsampleMaxPS","Global","SF_Pixel","1","6466"
"FCubeDownsamplePS","Global","SF_Pixel","1","7155"
"FCubeFilterPS","Global","SF_Pixel","1","8550"
"FCubemapTexturePropertiesPS","Global","SF_Pixel","4","26770"
"FCubemapTexturePropertiesVS","Global","SF_Vertex","1","4957"
"FCullHeightfieldObjectsForViewCS","Global","SF_Compute","1","9364"
"FCullMeshSDFObjectsForViewCS","Global","SF_Compute","1","9629"
"FCullObjectsForShadowCS","Global","SF_Compute","2","17109"
"FCullObjectsForViewCS","Global","SF_Compute","1","9853"
"FCullObjectsToClipmapCS","Global","SF_Compute","2","17086"
"FCullObjectsToGridCS","Global","SF_Compute","1","10033"
"FDebugAlphaChannelCS","Global","SF_Compute","1","6237"
"FDebugTranslucencyLightingVolumeCS","Global","SF_Compute","1","18425"
"FDebugVariableRateShadingCS","Global","SF_Compute","1","5990"
"FDebugVariableRateShadingPS","Global","SF_Pixel","1","4825"
"FDeferredDecalVS","Global","SF_Vertex","1","4659"
"FDeferredLightHairVS","Global","SF_Vertex","1","5921"
"FDeferredLightOverlapPS","Global","SF_Pixel","2","12802"
"FDeferredLightPS","Global","SF_Pixel","302","12791672"
"FDeferredLightVS","Global","SF_Vertex","2","13164"
"FDeformGuideCS","Global","SF_Compute","5","35069"
"FDesaturatePS","Global","SF_Pixel","1","4447"
"FDeviceEncodingOnlyCS","Global","SF_Compute","3","61806"
"FDeviceEncodingOnlyPS","Global","SF_Pixel","3","60518"
"FDiaphragmDOFBuildBokehLUTCS","Global","SF_Compute","6","36699"
"FDiaphragmDOFCocDilateCS","Global","SF_Compute","9","76942"
"FDiaphragmDOFCocFlattenCS","Global","SF_Compute","4","32458"
"FDiaphragmDOFDownsampleCS","Global","SF_Compute","2","15623"
"FDiaphragmDOFGatherCS","Global","SF_Compute","82","1390717"
"FDiaphragmDOFHybridScatterPS","Global","SF_Pixel","12","108357"
"FDiaphragmDOFHybridScatterVS","Global","SF_Vertex","2","16836"
"FDiaphragmDOFPostfilterCS","Global","SF_Compute","8","58369"
"FDiaphragmDOFRecombineCS","Global","SF_Compute","42","731816"
"FDiaphragmDOFReduceCS","Global","SF_Compute","21","300967"
"FDiaphragmDOFScatterGroupPackCS","Global","SF_Compute","3","18799"
"FDiaphragmDOFSetupCS","Global","SF_Compute","6","63840"
"FDiffuseIndirectCompositePS","Global","SF_Pixel","33","630085"
"FDilateExistenceMaskCS","Global","SF_Compute","1","5337"
"FDisplacementMapBlendPS","Global","SF_Pixel","4","23289"
"FDistanceFieldAOUpsamplePS","Global","SF_Pixel","2","16119"
"FDistanceFieldShadowingCS","Global","SF_Compute","336","5869669"
"FDistanceFieldShadowingUpsamplePS","Global","SF_Pixel","2","15183"
"FDistortionApplyScreenPS","Global","SF_Pixel","2","9975"
"FDistortionMergeScreenPS","Global","SF_Pixel","4","18947"
"FDitheredTransitionStencilCS","Global","SF_Compute","1","5442"
"FDitheredTransitionStencilPS","Global","SF_Pixel","1","5039"
"FDownsampleCS","Global","SF_Compute","2","12003"
"FDownsampleCubeFaceCS","Global","SF_Compute","1","8337"
"FDownsampleDepthPS","Global","SF_Pixel","3","16598"
"FDownsampleIntegrateCubemapIlluminancePS","Global","SF_Pixel","1","6340"
"FDownsampleLightShaftsPixelShader","Global","SF_Pixel","2","12784"
"FDownsampleLightShaftsVertexShader","Global","SF_Vertex","1","6000"
"FDownsampleMajorantVoxelGridCS","Global","SF_Compute","1","6338"
"FDownsamplePS","Global","SF_Pixel","2","10605"
"FDownsampleSceneColorCS","Global","SF_Compute","1","5603"
"FDrawDebugCardAtlasCS","Global","SF_Compute","1","6144"
"FDrawDebugCardGuidesCS","Global","SF_Compute","1","10738"
"FDrawDebugCloudShadowCS","Global","SF_Compute","1","8748"
"FDrawDistortionDisplacementMapCS","Global","SF_Compute","3","23192"
"FDrawTexturePS","Global","SF_Pixel","1","4617"
"FDumpTextureCS","Global","SF_Compute","3","13322"
"FExponentialHeightFogPS","Global","SF_Pixel","32","500398"
"FEyeAdaptationCS","Global","SF_Compute","2","48576"
"FFXAAPS","Global","SF_Pixel","12","133081"
"FFillMipsConditionBufferCS","Global","SF_Compute","1","4818"
"FFillSTDisplacementMapPS","Global","SF_Pixel","1","4584"
"FFillSTDisplacementMapVS","Global","SF_Vertex","1","5504"
"FFillTextureCS","Global","SF_Compute","1","4906"
"FFilmGrainPackConstantsCS","Global","SF_Compute","1","4969"
"FFilmGrainReduceCS","Global","SF_Compute","1","5626"
"FFilterCS","Global","SF_Compute","132","1138640"
"FFilterHistoryPS","Global","SF_Pixel","2","13181"
"FFilterPS","Global","SF_Pixel","132","970298"
"FFilterProbeRadianceWithGatherCS","Global","SF_Compute","2","24796"
"FFilterSceneColorCS","Global","SF_Compute","1","6090"
"FFilterTranslucentVolumeCS","Global","SF_Compute","3","22115"
"FFilterVS","Global","SF_Vertex","16","85215"
"FFinishOcclusionPixelShader","Global","SF_Pixel","1","5451"
"FFirstPersonSelfShadowBlurPS","Global","SF_Pixel","1","9587"
"FFirstPersonSelfShadowInputsDownsamplePS","Global","SF_Pixel","1","8268"
"FFirstPersonSelfShadowTracingPS","Global","SF_Pixel","6","77167"
"FFirstPersonSelfShadowUpsamplePS","Global","SF_Pixel","1","8282"
"FFixupBordersAndGenerateMipsCS","Global","SF_Compute","4","28588"
"FFusionBlendCS","Global","SF_Compute","2","11707"
"FFusionSetupCS","Global","SF_Compute","1","14739"
"FGLTFSimpleElementNormalMapPS","Global","SF_Pixel","1","4793"
"FGLTFSimpleTexture2DPS","Global","SF_Pixel","1","4189"
"FGPUDebugCrashUtilsCS","Global","SF_Compute","2","10709"
"FGPUMorphNormalizeCS","Global","SF_Compute","1","5792"
"FGPUMorphUpdateCS","Global","SF_Compute","1","9901"
"FGPUSceneDebugRenderCS","Global","SF_Compute","1","21858"
"FGPUSceneSetInstancePrimitiveIdCS","Global","SF_Compute","1","8069"
"FGSComplexTransformCS","Global","SF_Compute","12","207025"
"FGSConvolutionWithTextureCS","Global","SF_Compute","12","321423"
"FGSTwoForOneTransformCS","Global","SF_Compute","12","433113"
"FGTAOHorizonSearchAndIntegrateCS","Global","SF_Compute","10","206595"
"FGTAOHorizonSearchCS","Global","SF_Compute","5","146934"
"FGTAOInnerIntegratePS","Global","SF_Pixel","1","9834"
"FGTAOSpatialFilterCS","Global","SF_Compute","1","8486"
"FGTAOTemporalFilterCS","Global","SF_Compute","1","9914"
"FGTAOUpsamplePS","Global","SF_Pixel","1","5338"
"FGatherMarkedVoxelsCS","Global","SF_Compute","1","5495"
"FGenerateConservativeDepthBufferCS","Global","SF_Compute","1","9366"
"FGenerateDistanceFieldAssetStreamingRequestsCS","Global","SF_Compute","1","5604"
"FGenerateMin3D","Global","SF_Compute","1","6132"
"FGenerateMips3D","Global","SF_Compute","1","5383"
"FGenerateMipsCS","Global","SF_Compute","4","21316"
"FGenerateMipsIndirectCS","Global","SF_Compute","4","21316"
"FGenerateMipsPS","Global","SF_Pixel","1","4764"
"FGenerateMipsVS","Global","SF_Vertex","1","4110"
"FGeneratePaniniUVDisplacementCS","Global","SF_Compute","1","7627"
"FGenerateProbeTraceTilesCS","Global","SF_Compute","2","21308"
"FGenerateRasterTiles","Global","SF_Compute","2","12892"
"FGenerateRayMarchingTiles","Global","SF_Compute","4","56936"
"FGeometryAwareUpsamplePS","Global","SF_Pixel","1","9259"
"FGlobalDistanceFieldAccumulateUpdatedPagesCS","Global","SF_Compute","1","4942"
"FGlobalDistanceFieldDebugCS","Global","SF_Compute","1","9392"
"FGlobalDistanceFieldPageStatsCS","Global","SF_Compute","1","6900"
"FGroomCacheUpdatePassCS","Global","SF_Compute","1","8829"
"FGroupShardSubFFTPassCS","Global","SF_Compute","1","11386"
"FHMDDistortionPS","Global","SF_Pixel","1","5119"
"FHMDDistortionVS","Global","SF_Vertex","1","4995"
"FHZBBuildCS","Global","SF_Compute","36","261244"
"FHZBBuildPS","Global","SF_Pixel","2","10755"
"FHZBTestPS","Global","SF_Pixel","1","13370"
"FHairCardsDeformationCS","Global","SF_Compute","2","20848"
"FHairCoverageLUTCS","Global","SF_Compute","1","4990"
"FHairDebugPrintHairSkinCacheCS","Global","SF_Compute","1","21789"
"FHairDebugPrintInstanceCS","Global","SF_Compute","1","90775"
"FHairDebugPrintMemoryCS","Global","SF_Compute","1","150093"
"FHairInitMeshSamplesCS","Global","SF_Compute","2","11771"
"FHairInterpolationCS","Global","SF_Compute","100","1394087"
"FHairLUTCS","Global","SF_Compute","2","18891"
"FHairMeshesInterpolateCS","Global","SF_Compute","1","6543"
"FHairPrintLODInfoCS","Global","SF_Compute","1","10961"
"FHairProjectionHairDebugCS","Global","SF_Compute","2","128604"
"FHairStrandsTileDebugPassPS","Global","SF_Pixel","1","4455"
"FHairTranscodeCS","Global","SF_Compute","2","12657"
"FHairUpdateMeshSamplesCS","Global","SF_Compute","1","5701"
"FHairUpdateMeshTriangleCS","Global","SF_Compute","4","42945"
"FHairUpdatePositionOffsetCS","Global","SF_Compute","4","19320"
"FHdrCustomResolve2xPS","Global","SF_Pixel","1","4655"
"FHdrCustomResolve4xPS","Global","SF_Pixel","1","4948"
"FHdrCustomResolve8xPS","Global","SF_Pixel","1","5399"
"FHdrCustomResolveFMask2xPS","Global","SF_Pixel","1","4671"
"FHdrCustomResolveFMask4xPS","Global","SF_Pixel","1","4683"
"FHdrCustomResolveFMask8xPS","Global","SF_Pixel","1","4687"
"FHdrCustomResolveVS","Global","SF_Vertex","1","4059"
"FHeightFogVS","Global","SF_Vertex","1","5481"
"FHeterogeneousVolumesCompositeCS","Global","SF_Compute","1","14594"
"FHeterogeneousVolumesFilterCS","Global","SF_Compute","3","17508"
"FHeterogeneousVolumesUpsampleCS","Global","SF_Compute","2","10994"
"FHistogramAtomicCS","Global","SF_Compute","6","61848"
"FHistogramAtomicConvertCS","Global","SF_Compute","1","6319"
"FHistogramCS","Global","SF_Compute","5","57275"
"FHistogramReducePS","Global","SF_Pixel","1","5686"
"FHitProxyCopyPS","Global","SF_Pixel","1","5544"
"FIESAtlasAddTextureCS","Global","SF_Compute","1","7340"
"FIESAtlasDebugInfoCS","Global","SF_Compute","1","17609"
"FIESLightProfilePS","Global","SF_Pixel","1","6627"
"FInitIndirectArgs1DCS","Global","SF_Compute","1","5221"
"FInitIndirectArgsCS","Global","SF_Compute","1","4809"
"FInitPageFreeListCS","Global","SF_Compute","1","5020"
"FInitShadowTraceIndirectArgsCS","Global","SF_Compute","1","4958"
"FInitializeCardTileIndirectArgsCS","Global","SF_Compute","1","4879"
"FInitializeLightTileIndirectArgsCS","Global","SF_Compute","1","6008"
"FInjectAmbientCubemapPS","Global","SF_Pixel","1","4422"
"FInjectMegaLightsCS","Global","SF_Compute","4","27949"
"FInjectShadowedLocalLightPS","Global","SF_Pixel","80","1907519"
"FInstanceCullingOcclusionQueryCS","Global","SF_Compute","4","77041"
"FInstanceCullingOcclusionQueryDebugPS","Global","SF_Pixel","1","3882"
"FInstanceCullingOcclusionQueryDebugVS","Global","SF_Vertex","1","17268"
"FInstanceCullingOcclusionQueryPS","Global","SF_Pixel","1","4275"
"FInstanceCullingOcclusionQueryVS","Global","SF_Vertex","2","17911"
"FInterpolateGroomGuidesCS","Global","SF_Compute","2","22639"
"FInvertDisplacementPS","Global","SF_Pixel","1","4573"
"FInvertDisplacementVS","Global","SF_Vertex","1","5497"
"FIrradianceFieldGatherCS","Global","SF_Compute","1","16954"
"FLUTBlenderCS","Global","SF_Compute","16","504232"
"FLUTBlenderPS","Global","SF_Pixel","16","493051"
"FLandscapeCopyTexturePS","Global","SF_Pixel","1","5049"
"FLandscapeCopyTextureVS","Global","SF_Vertex","1","4163"
"FLandscapeEditLayersHeightmapsGenerateMipsPS","Global","SF_Pixel","1","5883"
"FLandscapeEditLayersHeightmapsGenerateNormalsPS","Global","SF_Pixel","1","9546"
"FLandscapeEditLayersHeightmapsMergeEditLayerPS","Global","SF_Pixel","1","6396"
"FLandscapeEditLayersResolveLayerDataPS","Global","SF_Pixel","2","8795"
"FLandscapeEditLayersWeightmapsGenerateMipsPS","Global","SF_Pixel","1","5335"
"FLandscapeEditLayersWeightmapsMergeEditLayerPS","Global","SF_Pixel","1","6176"
"FLandscapeEditLayersWeightmapsPackWeightmapPS","Global","SF_Pixel","1","5829"
"FLandscapeEditLayersWeightmapsPerformLegacyWeightBlendingPS","Global","SF_Pixel","1","6186"
"FLandscapeLayerWeightmapExtractMaterialLayersCS","Global","SF_Compute","1","6055"
"FLandscapeLayerWeightmapPackMaterialLayersCS","Global","SF_Compute","1","7498"
"FLandscapeLayersHeightmapMipsPS","Global","SF_Pixel","1","7046"
"FLandscapeLayersHeightmapPS","Global","SF_Pixel","1","9053"
"FLandscapeLayersHeightmapsFinalizeHeightmapPS","Global","SF_Pixel","1","10549"
"FLandscapeLayersHeightmapsGenerateMipsPS","Global","SF_Pixel","1","6157"
"FLandscapeLayersHeightmapsMergeEditLayersPS","Global","SF_Pixel","1","7094"
"FLandscapeLayersHeightmapsStitchHeightmapPS","Global","SF_Pixel","1","8280"
"FLandscapeLayersVS","Global","SF_Vertex","1","4781"
"FLandscapeLayersWeightmapMipsPS","Global","SF_Pixel","1","5943"
"FLandscapeLayersWeightmapPS","Global","SF_Pixel","1","4999"
"FLandscapeLayersWeightmapsFinalizeWeightmapPS","Global","SF_Pixel","1","6799"
"FLandscapeLayersWeightmapsGenerateMipsPS","Global","SF_Pixel","1","5740"
"FLandscapeLayersWeightmapsMergeEditLayersPS","Global","SF_Pixel","1","6171"
"FLandscapeMergeTexturesPS","Global","SF_Pixel","2","10325"
"FLandscapePackRGBAChannelsPS","Global","SF_Pixel","1","5238"
"FLandscapeResampleMergedTexturePS","Global","SF_Pixel","2","10963"
"FLensFlareBlurCS","Global","SF_Compute","1","6901"
"FLensFlareBlurComputeShaderVS","Global","SF_Vertex","1","6152"
"FLensFlareBlurPS","Global","SF_Pixel","1","4278"
"FLensFlareBlurVS","Global","SF_Vertex","1","7540"
"FLensFlareCompositePS","Global","SF_Pixel","1","5049"
"FLensFlareCopyBloomPS","Global","SF_Pixel","1","4222"
"FLightGridFeedbackStatusCS","Global","SF_Compute","1","5698"
"FLightGridInjectionCS","Global","SF_Compute","96","1814074"
"FLocalFogVolumeTiledCullingCS","Global","SF_Compute","2","21467"
"FLocalFogVolumeTiledRenderPS","Global","SF_Pixel","2","24836"
"FLocalFogVolumeTiledRenderVS","Global","SF_Vertex","1","5739"
"FLongGPUTaskPS","Global","SF_Pixel","1","4192"
"FLumenCardBatchDirectLightingCS","Global","SF_Compute","4","75160"
"FLumenCardCombineLightingCS","Global","SF_Compute","1","9512"
"FLumenCardCopyPS","Global","SF_Pixel","10","71617"
"FLumenCardResamplePS","Global","SF_Pixel","1","9736"
"FLumenDirectLightingShadowMaskFromLightAttenuationCS","Global","SF_Compute","40","788588"
"FLumenFrontLayerTranslucencyClearGBufferPS","Global","SF_Pixel","1","4310"
"FLumenRadiosityConvertToSH","Global","SF_Compute","1","12501"
"FLumenRadiosityDistanceFieldTracingCS","Global","SF_Compute","12","291365"
"FLumenRadiosityIndirectArgsCS","Global","SF_Compute","1","5967"
"FLumenRadiosityIntegrateCS","Global","SF_Compute","8","172590"
"FLumenRadiositySpatialFilterProbeRadiance","Global","SF_Compute","8","245456"
"FLumenReflectionDenoiserClearCS","Global","SF_Compute","2","12206"
"FLumenReflectionDenoiserSpatialCS","Global","SF_Compute","12","166229"
"FLumenReflectionDenoiserTemporalCS","Global","SF_Compute","6","134568"
"FLumenReflectionResolveCS","Global","SF_Compute","60","1291812"
"FLumenSceneCompactLightListCS","Global","SF_Compute","1","5683"
"FLumenSceneCompactLightOffsetCS","Global","SF_Compute","1","5491"
"FLumenSceneCompactLightSampleTracesCS","Global","SF_Compute","2","14258"
"FLumenSceneDenoiserTemporalCS","Global","SF_Compute","2","21255"
"FLumenSceneDirectLightingStatsCS","Global","SF_Compute","1","36312"
"FLumenSceneDirectLightingTraceDistanceFieldShadowsCS","Global","SF_Compute","38","649247"
"FLumenSceneEvaluateStandaloneLightCS","Global","SF_Compute","2","11996"
"FLumenSceneGenerateLightSamplesCS","Global","SF_Compute","24","691761"
"FLumenSceneLightingStatsCS","Global","SF_Compute","1","11643"
"FLumenSceneShadeLightSamplesCS","Global","SF_Compute","2","18029"
"FLumenSceneStatsCS","Global","SF_Compute","1","10125"
"FLumenSceneUpdateCS","Global","SF_Compute","1","7874"
"FLumenScreenProbeSubstrateDebugPass","Global","SF_Compute","1","17565"
"FMarkHeightfieldPagesCS","Global","SF_Compute","1","14610"
"FMarkRadianceProbesUsedByGBufferCS","Global","SF_Compute","1","10713"
"FMarkRadianceProbesUsedByHairStrandsCS","Global","SF_Compute","1","30589"
"FMarkRadianceProbesUsedByScreenProbesCS","Global","SF_Compute","1","11774"
"FMarkRadianceProbesUsedByTranslucencyVolumeCS","Global","SF_Compute","1","10886"
"FMarkRadianceProbesUsedByVisualizeCS","Global","SF_Compute","1","7591"
"FMarkTopLevelGridVoxelsForFrustumGrid","Global","SF_Compute","1","7402"
"FMarkValidityPS","Global","SF_Pixel","1","3675"
"FMediaShadersVS","Global","SF_Vertex","1","3997"
"FMemcpyCS","Global","SF_Compute","3","16179"
"FMemsetBufferCS","Global","SF_Compute","3","15224"
"FMeshSDFObjectCullPS","Global","SF_Pixel","16","247936"
"FMeshSDFObjectCullVS","Global","SF_Vertex","4","28266"
"FMitchellNetravaliDownsampleCS","Global","SF_Compute","2","29919"
"FMobileCubeDownsamplePS","Global","SF_Pixel","1","5517"
"FModifyAlphaSwizzleRgbaPS","Global","SF_Pixel","3","12666"
"FMotionBlurFilterCS","Global","SF_Compute","10","153007"
"FMotionBlurFilterTileClassifyCS","Global","SF_Compute","2","19101"
"FMotionBlurVelocityDilateGatherCS","Global","SF_Compute","2","17168"
"FMotionBlurVelocityDilateScatterPS","Global","SF_Pixel","1","3770"
"FMotionBlurVelocityDilateScatterVS","Global","SF_Vertex","1","6846"
"FMotionBlurVelocityFlattenCS","Global","SF_Compute","2","29770"
"FMotionBlurVisualizePS","Global","SF_Pixel","1","10322"
"FNULLPS","Global","SF_Pixel","1","3667"
"FNV12ConvertAsBytesPS","Global","SF_Pixel","1","7740"
"FNV12ConvertPS","Global","SF_Pixel","1","7132"
"FNV21ConvertPS","Global","SF_Pixel","1","6793"
"FNiagaraClearAsyncGpuTraceCS","Global","SF_Compute","1","5464"
"FNiagaraClearCountsIntCS","Global","SF_Compute","1","4819"
"FNiagaraClearCountsIntCS_Legacy","Global","SF_Compute","1","4819"
"FNiagaraClearCountsUIntCS","Global","SF_Compute","1","4819"
"FNiagaraClearCountsUIntCS_Legacy","Global","SF_Compute","1","4819"
"FNiagaraClearUAVCS","Global","SF_Compute","1","4672"
"FNiagaraCopySVTToDenseBufferCS","Global","SF_Compute","1","6237"
"FNiagaraDebugDrawLinePS","Global","SF_Pixel","1","5385"
"FNiagaraDebugDrawLineVS","Global","SF_Vertex","1","6140"
"FNiagaraDispatchIndirectArgsGenCS","Global","SF_Compute","1","6091"
"FNiagaraDrawIndirectArgsGenCS","Global","SF_Compute","2","10876"
"FNiagaraDrawIndirectResetCountsCS","Global","SF_Compute","1","4726"
"FNiagaraGenerateMipsCS","Global","SF_Compute","4","24519"
"FNiagaraInitFreeIDBufferCS","Global","SF_Compute","1","4862"
"FNiagaraInstanceCountsInitCS","Global","SF_Compute","1","4714"
"FNiagaraLWCTileShiftPositionsCS","Global","SF_Compute","1","5904"
"FNiagaraRayMarchGlobalSdfCS","Global","SF_Compute","1","14581"
"FNiagaraRibbonAggregationApplyCS","Global","SF_Compute","6","39180"
"FNiagaraRibbonAggregationStepCS","Global","SF_Compute","9","65322"
"FNiagaraRibbonCreateIndexBufferCS","Global","SF_Compute","2","13021"
"FNiagaraRibbonCreateIndexBufferParamsCS","Global","SF_Compute","3","21495"
"FNiagaraRibbonSortPhase1CS","Global","SF_Compute","6","42875"
"FNiagaraRibbonSortPhase2CS","Global","SF_Compute","6","37524"
"FNiagaraRibbonUVParamCalculationCS","Global","SF_Compute","3","35177"
"FNiagaraRibbonVertexReductionFinalizeCS","Global","SF_Compute","6","48091"
"FNiagaraRibbonVertexReductionInitializationCS","Global","SF_Compute","9","102908"
"FNiagaraSimpleElement2DArrayAttribute","Global","SF_Pixel","1","6112"
"FNiagaraSimpleElementPS","Global","SF_Pixel","1","5616"
"FNiagaraSimpleElementVolumeAttribute","Global","SF_Pixel","1","6022"
"FNiagaraSortKeyGenCS","Global","SF_Compute","4","42357"
"FNiagaraUpdateCollisionGroupMapCS","Global","SF_Compute","1","6333"
"FNiagaraUpdateMeshGPUSceneInstancesCS","Global","SF_Compute","2","54310"
"FNiagaraVisualizeTexturePS","Global","SF_Pixel","8","56042"
"FOITSortTriangleIndex_AllocateCS","Global","SF_Compute","1","5153"
"FOITSortTriangleIndex_Debug","Global","SF_Compute","1","28410"
"FOITSortTriangleIndex_ScanCS","Global","SF_Compute","2","29224"
"FOITSortTriangleIndex_WriteOutCS","Global","SF_Compute","1","5641"
"FObjectCullPS","Global","SF_Pixel","2","29993"
"FObjectCullVS","Global","SF_Vertex","1","7000"
"FOcclusionQueryPS","Global","SF_Pixel","1","3685"
"FOcclusionQueryVS","Global","SF_Vertex","1","5024"
"FOculusAlphaInverseShader","Global","SF_Pixel","1","4234"
"FOculusBlackShader","Global","SF_Pixel","1","3674"
"FOculusCubemapPS","Global","SF_Pixel","1","5383"
"FOculusVertexShader","Global","SF_Vertex","1","3997"
"FOculusWhiteShader","Global","SF_Pixel","1","3703"
"FOneColorPS","Global","SF_Pixel","1","4246"
"FOnePassPointShadowProjectionPS1falsefalse","Global","SF_Pixel","1","8933"
"FOnePassPointShadowProjectionPS1falsetrue","Global","SF_Pixel","1","9011"
"FOnePassPointShadowProjectionPS1truefalse","Global","SF_Pixel","1","12459"
"FOnePassPointShadowProjectionPS2falsefalse","Global","SF_Pixel","1","8933"
"FOnePassPointShadowProjectionPS2falsetrue","Global","SF_Pixel","1","9011"
"FOnePassPointShadowProjectionPS2truefalse","Global","SF_Pixel","1","12459"
"FOnePassPointShadowProjectionPS3falsefalse","Global","SF_Pixel","1","9835"
"FOnePassPointShadowProjectionPS3falsetrue","Global","SF_Pixel","1","10276"
"FOnePassPointShadowProjectionPS3truefalse","Global","SF_Pixel","1","13499"
"FOnePassPointShadowProjectionPS4falsefalse","Global","SF_Pixel","1","10695"
"FOnePassPointShadowProjectionPS4falsetrue","Global","SF_Pixel","1","11169"
"FOnePassPointShadowProjectionPS4truefalse","Global","SF_Pixel","1","14384"
"FOnePassPointShadowProjectionPS5falsefalse","Global","SF_Pixel","1","12999"
"FOnePassPointShadowProjectionPS5falsetrue","Global","SF_Pixel","1","13506"
"FOnePassPointShadowProjectionPS5truefalse","Global","SF_Pixel","1","16504"
"FOpaqueRoughRefractionPS","Global","SF_Pixel","1","4237"
"FP010ConvertAsUINT16sPS","Global","SF_Pixel","1","7951"
"FP010ConvertPS","Global","SF_Pixel","1","6997"
"FP010_2101010ConvertPS","Global","SF_Pixel","1","8369"
"FPackTwoForOneFFTPassCS","Global","SF_Compute","1","7252"
"FPageFreeListReturnCS","Global","SF_Compute","1","5236"
"FPageFreeListReturnIndirectArgBufferCS","Global","SF_Compute","1","5155"
"FParticleBoundsCS","Global","SF_Compute","1","8512"
"FParticleCurveInjectionPS","Global","SF_Pixel","1","3827"
"FParticleCurveInjectionVS","Global","SF_Vertex","1","5021"
"FParticleInjectionVS","Global","SF_Vertex","1","5449"
"FParticleSimVisualizePS","Global","SF_Pixel","1","5144"
"FParticleSimVisualizeVS","Global","SF_Vertex","1","4528"
"FParticleSimulationClearPS","Global","SF_Pixel","1","3698"
"FParticleSortKeyGenCS","Global","SF_Compute","1","6540"
"FParticleTileVS","Global","SF_Vertex","1","5515"
"FPhysicsFieldRayMarchingCS","Global","SF_Compute","7","169143"
"FPixelShaderUtils::FRasterizeToRectsVS","Global","SF_Vertex","2","11993"
"FPlanarReflectionPS","Global","SF_Pixel","1","10891"
"FPopulateCompositeDepthPS","Global","SF_Pixel","3","18573"
"FPostProcessBenchmarkPS0","Global","SF_Pixel","1","5698"
"FPostProcessBenchmarkPS1","Global","SF_Pixel","1","4943"
"FPostProcessBenchmarkPS2","Global","SF_Pixel","1","5154"
"FPostProcessBenchmarkPS3","Global","SF_Pixel","1","4218"
"FPostProcessBenchmarkPS4","Global","SF_Pixel","1","5259"
"FPostProcessBenchmarkPS5","Global","SF_Pixel","1","3671"
"FPostProcessBenchmarkVS0","Global","SF_Vertex","1","4807"
"FPostProcessBenchmarkVS1","Global","SF_Vertex","1","4095"
"FPostProcessBenchmarkVS2","Global","SF_Vertex","1","4029"
"FPrepareProbeOcclusionCS","Global","SF_Compute","1","6824"
"FPropagateMipDistanceCS","Global","SF_Compute","2","17439"
"FRDGMemcpyCS","Global","SF_Compute","6","32185"
"FRDGMemsetBufferCS","Global","SF_Compute","6","30851"
"FRDGScatterCopyCS","Global","SF_Compute","7","39053"
"FRGB10toYUVv210ConvertPS","Global","SF_Pixel","1","7995"
"FRGB8toUYVY8ConvertPS","Global","SF_Pixel","1","6128"
"FRGB8toY8ConvertPS","Global","SF_Pixel","1","5487"
"FRGBConvertPS","Global","SF_Pixel","1","6776"
"FRadianceCacheTraceFromProbesCS","Global","SF_Compute","8","232803"
"FRadianceCacheUpdateStatsCS","Global","SF_Compute","1","16034"
"FRadixSortClearOffsetsCS","Global","SF_Compute","1","4200"
"FRadixSortDownsweepCS","Global","SF_Compute","1","17676"
"FRadixSortSpineCS","Global","SF_Compute","1","7910"
"FRadixSortUpsweepCS","Global","SF_Compute","1","7465"
"FRasterizeToCardsVS","Global","SF_Vertex","1","6087"
"FReadTextureExternalPS","Global","SF_Pixel","1","5396"
"FRecenterSTDisplacementMapPS","Global","SF_Pixel","1","5218"
"FRecomputeTangentsPerTrianglePassCS<0>","Global","SF_Compute","1","10626"
"FRecomputeTangentsPerTrianglePassCS<1>","Global","SF_Compute","1","10626"
"FRecomputeTangentsPerTrianglePassCS<2>","Global","SF_Compute","1","11729"
"FRecomputeTangentsPerTrianglePassCS<3>","Global","SF_Compute","1","11729"
"FRecomputeTangentsPerVertexPassCS<0>","Global","SF_Compute","1","6214"
"FRecomputeTangentsPerVertexPassCS<1>","Global","SF_Compute","1","7384"
"FReconstructVolumetricRenderTargetPS","Global","SF_Pixel","5","45059"
"FRectAtlasAddTexturePS","Global","SF_Pixel","1","6153"
"FRectAtlasCopyTexturePS","Global","SF_Pixel","1","5161"
"FRectAtlasFilterTexturePS","Global","SF_Pixel","1","7729"
"FRectLightAtlasDebugInfoCS","Global","SF_Compute","1","20412"
"FRectLightAtlasVS","Global","SF_Vertex","1","5897"
"FRefineSparseVoxels","Global","SF_Compute","1","8072"
"FReflectionClearTracesCS","Global","SF_Compute","3","16009"
"FReflectionCompactTracesCS","Global","SF_Compute","10","82028"
"FReflectionEnvironmentSkyLightingPS","Global","SF_Pixel","144","3868540"
"FReflectionGenerateRaysCS","Global","SF_Compute","4","60188"
"FReflectionSortTracesByMaterialCS","Global","SF_Compute","1","6447"
"FReflectionTileClassificationBuildListsCS","Global","SF_Compute","2","15741"
"FReflectionTileClassificationMarkCS","Global","SF_Compute","2","16431"
"FReflectionTraceMeshSDFsCS","Global","SF_Compute","32","1342503"
"FReflectionTraceScreenTexturesCS","Global","SF_Compute","2","37852"
"FReflectionTraceVoxelsCS","Global","SF_Compute","88","4047620"
"FRenderCameraAerialPerspectiveVolumeCS","Global","SF_Compute","32","797638"
"FRenderDebugSkyAtmospherePS","Global","SF_Pixel","1","17649"
"FRenderDistantSkyLightLutCS","Global","SF_Compute","2","26564"
"FRenderLightingCacheWithPreshadingCS","Global","SF_Compute","4","100033"
"FRenderMultiScatteredLuminanceLutCS","Global","SF_Compute","2","25420"
"FRenderRealTimeReflectionHeightFogPS","Global","SF_Pixel","2","23639"
"FRenderRealTimeReflectionHeightFogVS","Global","SF_Vertex","1","5272"
"FRenderSingleScatteringWithPreshadingCS","Global","SF_Compute","24","1061439"
"FRenderSkyAtmospherePS","Global","SF_Pixel","69","1789578"
"FRenderSkyAtmosphereVS","Global","SF_Vertex","1","4606"
"FRenderSkyViewLutCS","Global","SF_Compute","16","348716"
"FRenderTransmittanceLutCS","Global","SF_Compute","1","8603"
"FRenderTransmittanceWithVoxelGridCS","Global","SF_Compute","9","152194"
"FRenderVolumetricShadowMapForLightWithVoxelGridCS","Global","SF_Compute","2","41867"
"FReorderFFTPassCS","Global","SF_Compute","1","7855"
"FResampleLightingHistoryToCardCaptureAtlasCS","Global","SF_Compute","1","9295"
"FRescaleVariableRateShadingCS","Global","SF_Compute","1","9727"
"FResetPhysicsFieldClipmapCS","Global","SF_Compute","1","6329"
"FResolveDepth2XPS","Global","SF_Pixel","1","4492"
"FResolveDepth4XPS","Global","SF_Pixel","1","4601"
"FResolveDepth8XPS","Global","SF_Pixel","1","4601"
"FResolveDepthPS","Global","SF_Pixel","1","4727"
"FResolveVS","Global","SF_Vertex","1","4711"
"FSSDCompressMetadataCS","Global","SF_Compute","2","14530"
"FSSDSpatialAccumulationCS","Global","SF_Compute","3","32150"
"FSSDTemporalAccumulationCS","Global","SF_Compute","3","50125"
"FSSRTDiffuseTileClassificationCS","Global","SF_Compute","1","11374"
"FSSRTPrevFrameReductionCS","Global","SF_Compute","4","46494"
"FSSRTileCategorisationMarkCS","Global","SF_Compute","2","16938"
"FSSRTileClassificationBuildListsCS","Global","SF_Compute","1","7856"
"FSSSTileCategorisationMarkCS","Global","SF_Compute","2","23967"
"FSSSTileClassificationBuildListsCS","Global","SF_Compute","1","7394"
"FScatterCopyCS","Global","SF_Compute","4","22225"
"FScatterScreenProbeBRDFToRadianceProbesCS","Global","SF_Compute","1","11842"
"FScatterUploadDistanceFieldAtlasCS","Global","SF_Compute","1","5361"
"FScatterUploadDistanceFieldIndirectionAtlasCS","Global","SF_Compute","1","5179"
"FSceneCapturePS","Global","SF_Pixel","7","34168"
"FScreenPS","Global","SF_Pixel","1","4198"
"FScreenPSArraySlice","Global","SF_Pixel","1","4944"
"FScreenPSInvertAlpha","Global","SF_Pixel","1","4227"
"FScreenPSMipLevel","Global","SF_Pixel","1","4832"
"FScreenPS_OSE","Global","SF_Pixel","1","4202"
"FScreenPSsRGBSource","Global","SF_Pixel","1","4395"
"FScreenPSsRGBSourceMipLevel","Global","SF_Pixel","1","4964"
"FScreenPassVS","Global","SF_Vertex","1","4832"
"FScreenProbeAdaptivePlacementMarkCS","Global","SF_Compute","3","36851"
"FScreenProbeAdaptivePlacementSpawnCS","Global","SF_Compute","3","54629"
"FScreenProbeCalculateMovingCS","Global","SF_Compute","3","22899"
"FScreenProbeCompactTracesCS","Global","SF_Compute","1","8496"
"FScreenProbeCompositeTracesWithScatterCS","Global","SF_Compute","12","156418"
"FScreenProbeComputeBRDFProbabilityDensityFunctionCS","Global","SF_Compute","1","15149"
"FScreenProbeComputeLightingProbabilityDensityFunctionCS","Global","SF_Compute","12","231297"
"FScreenProbeConvertToIrradianceCS","Global","SF_Compute","8","91498"
"FScreenProbeDownsampleDepthUniformCS","Global","SF_Compute","1","12045"
"FScreenProbeFilterGatherTracesCS","Global","SF_Compute","2","33491"
"FScreenProbeFixupBordersCS","Global","SF_Compute","1","7171"
"FScreenProbeGatherDebugCS","Global","SF_Compute","1","19817"
"FScreenProbeGenerateMipLevelCS","Global","SF_Compute","1","6598"
"FScreenProbeGenerateRaysCS","Global","SF_Compute","6","66034"
"FScreenProbeIntegrateCS","Global","SF_Compute","512","15068287"
"FScreenProbeSetupVisualizeTracesCS","Global","SF_Compute","2","25772"
"FScreenProbeTemporalReprojectionCS","Global","SF_Compute","100","2115233"
"FScreenProbeTemporallyAccumulateTraceRadianceCS","Global","SF_Compute","1","13850"
"FScreenProbeTileClassificationBuildListsCS","Global","SF_Compute","1","7504"
"FScreenProbeTileClassificationMarkCS","Global","SF_Compute","6","54082"
"FScreenProbeTraceMeshSDFsCS","Global","SF_Compute","64","2840264"
"FScreenProbeTraceScreenTexturesCS","Global","SF_Compute","48","1266133"
"FScreenProbeTraceVoxelsCS","Global","SF_Compute","72","2924656"
"FScreenSpaceCastStandaloneRayCS","Global","SF_Compute","4","68330"
"FScreenSpaceReflectionsCS","Global","SF_Compute","10","147024"
"FScreenSpaceReflectionsPS","Global","SF_Pixel","10","144914"
"FScreenSpaceReflectionsStencilPS","Global","SF_Pixel","2","12095"
"FScreenSpaceReflectionsTileVS","Global","SF_Vertex","1","5109"
"FScreenSpaceShadowsBendCS","Global","SF_Compute","3","41060"
"FScreenSpaceShadowsCS","Global","SF_Compute","1","10686"
"FScreenSpaceShadowsUpsamplePS","Global","SF_Pixel","2","12971"
"FScreenSpaceShortRangeAOCS","Global","SF_Compute","96","1782634"
"FScreenTileClassificationCS","Global","SF_Compute","1","10927"
"FScreenVS","Global","SF_Vertex","1","4790"
"FScreenVertexShaderVS","Global","SF_Vertex","1","4049"
"FScrollingShadowMaps2DPS","Global","SF_Pixel","1","4877"
"FSelectMaxPriorityBucketCS","Global","SF_Compute","1","5187"
"FSelectMaxUpdateBucketCS","Global","SF_Compute","1","5294"
"FSelectionOutlinePS","Global","SF_Pixel","8","146216"
"FSetCardPageIndexIndirectArgsCS","Global","SF_Compute","1","5987"
"FSetRasterizeBottomLevelGridIndirectArgs","Global","SF_Compute","1","4832"
"FSetupAdaptiveProbeIndirectArgsCS","Global","SF_Compute","1","6378"
"FSetupCompactedTracesIndirectArgsCS","Global","SF_Compute","1","4822"
"FSetupCompactionIndirectArgsCS","Global","SF_Compute","1","4975"
"FSetupExposureIlluminanceCS","Global","SF_Compute","1","5500"
"FSetupLogLuminanceCS","Global","SF_Compute","1","5790"
"FSetupMotionBlurFilterCS","Global","SF_Compute","1","4797"
"FSetupProbeIndirectArgsCS","Global","SF_Compute","1","6608"
"FSetupReflectionCompactedTracesIndirectArgsCS","Global","SF_Compute","1","4727"
"FSetupTraceFromProbesCS","Global","SF_Compute","1","5282"
"FShaderBuildIndirectDispatchArgsCS","Global","SF_Compute","1","5248"
"FShaderBuildIndirectDrawArgsCS","Global","SF_Compute","1","5061"
"FShaderBuildSymbolBufferCS","Global","SF_Compute","1","19452"
"FShaderCompactStateBufferCS","Global","SF_Compute","1","5815"
"FShaderDrawDebugCopyCS","Global","SF_Compute","1","5451"
"FShaderDrawDebugPS","Global","SF_Pixel","1","5899"
"FShaderDrawDebugVS","Global","SF_Vertex","2","14261"
"FShaderDrawSymbolsPS","Global","SF_Pixel","1","6037"
"FShaderDrawSymbolsVS","Global","SF_Vertex","1","7184"
"FShaderPrintClearCounterCS","Global","SF_Compute","1","4042"
"FShaderPrintCopyCS","Global","SF_Compute","1","3536"
"FShaderPrintUploadCS","Global","SF_Compute","1","3536"
"FShaderZoomCS","Global","SF_Compute","1","6307"
"FShader_VirtualTextureCompress_CS< ERuntimeVirtualTextureMaterialType::BaseColor >","Global","SF_Compute","4","41684"
"FShader_VirtualTextureCompress_CS< ERuntimeVirtualTextureMaterialType::BaseColor_Normal_Roughness >","Global","SF_Compute","4","56165"
"FShader_VirtualTextureCompress_CS< ERuntimeVirtualTextureMaterialType::BaseColor_Normal_Specular >","Global","SF_Compute","4","71915"
"FShader_VirtualTextureCompress_CS< ERuntimeVirtualTextureMaterialType::BaseColor_Normal_Specular_Mask_YCoCg >","Global","SF_Compute","4","88170"
"FShader_VirtualTextureCompress_CS< ERuntimeVirtualTextureMaterialType::BaseColor_Normal_Specular_YCoCg >","Global","SF_Compute","4","79140"
"FShader_VirtualTextureCompress_CS< ERuntimeVirtualTextureMaterialType::Displacement >","Global","SF_Compute","4","35102"
"FShader_VirtualTextureCompress_CS< ERuntimeVirtualTextureMaterialType::Mask4 >","Global","SF_Compute","4","50135"
"FShader_VirtualTextureCopy_PS< ERuntimeVirtualTextureMaterialType::BaseColor >","Global","SF_Pixel","1","4223"
"FShader_VirtualTextureCopy_PS< ERuntimeVirtualTextureMaterialType::BaseColor_Normal_Specular >","Global","SF_Pixel","1","4625"
"FShader_VirtualTextureCopy_PS< ERuntimeVirtualTextureMaterialType::BaseColor_Normal_Specular_Mask_YCoCg >","Global","SF_Pixel","1","5091"
"FShader_VirtualTextureCopy_PS< ERuntimeVirtualTextureMaterialType::BaseColor_Normal_Specular_YCoCg >","Global","SF_Pixel","1","5125"
"FShader_VirtualTextureCopy_PS< ERuntimeVirtualTextureMaterialType::Mask4 >","Global","SF_Pixel","1","4406"
"FShader_VirtualTextureCopy_PS< ERuntimeVirtualTextureMaterialType::WorldHeight >","Global","SF_Pixel","1","4238"
"FShader_VirtualTextureCopy_VS","Global","SF_Vertex","1","4163"
"FShadingFurnaceTestPassPS","Global","SF_Pixel","1","24130"
"FShadowObjectCullPS","Global","SF_Pixel","6","62321"
"FShadowObjectCullVS","Global","SF_Vertex","2","14556"
"FShadowProjectionNoTransformVS","Global","SF_Vertex","1","3864"
"FShadowProjectionPS1falsefalsefalse","Global","SF_Pixel","1","10140"
"FShadowProjectionPS1falsefalsetrue","Global","SF_Pixel","1","8540"
"FShadowProjectionPS1falsetruefalse","Global","SF_Pixel","1","12872"
"FShadowProjectionPS1truefalsefalse","Global","SF_Pixel","1","10321"
"FShadowProjectionPS1truetruefalse","Global","SF_Pixel","1","13211"
"FShadowProjectionPS2falsefalsefalse","Global","SF_Pixel","1","10771"
"FShadowProjectionPS2falsefalsetrue","Global","SF_Pixel","1","8596"
"FShadowProjectionPS2falsetruefalse","Global","SF_Pixel","1","13632"
"FShadowProjectionPS2truefalsefalse","Global","SF_Pixel","1","10995"
"FShadowProjectionPS2truetruefalse","Global","SF_Pixel","1","13537"
"FShadowProjectionPS3falsefalsefalse","Global","SF_Pixel","1","12103"
"FShadowProjectionPS3falsefalsetrue","Global","SF_Pixel","1","9500"
"FShadowProjectionPS3falsetruefalse","Global","SF_Pixel","1","14501"
"FShadowProjectionPS3truefalsefalse","Global","SF_Pixel","1","12304"
"FShadowProjectionPS3truetruefalse","Global","SF_Pixel","1","14908"
"FShadowProjectionPS4falsefalsefalse","Global","SF_Pixel","1","13324"
"FShadowProjectionPS4falsefalsetrue","Global","SF_Pixel","1","9850"
"FShadowProjectionPS4falsetruefalse","Global","SF_Pixel","1","15761"
"FShadowProjectionPS4truefalsefalse","Global","SF_Pixel","1","13281"
"FShadowProjectionPS4truetruefalse","Global","SF_Pixel","1","15611"
"FShadowProjectionPS5falsefalsefalse","Global","SF_Pixel","1","13324"
"FShadowProjectionPS5falsefalsetrue","Global","SF_Pixel","1","9850"
"FShadowProjectionPS5falsetruefalse","Global","SF_Pixel","1","15761"
"FShadowProjectionPS5truefalsefalse","Global","SF_Pixel","1","13281"
"FShadowProjectionPS5truetruefalse","Global","SF_Pixel","1","15611"
"FShadowTileVS","Global","SF_Vertex","2","10219"
"FShadowVolumeBoundProjectionVS","Global","SF_Vertex","1","5330"
"FSimpleElementAlphaOnlyPS","Global","SF_Pixel","1","4332"
"FSimpleElementColorChannelMaskPS","Global","SF_Pixel","1","5590"
"FSimpleElementDistanceFieldGammaPS","Global","SF_Pixel","1","8190"
"FSimpleElementGammaAlphaOnlyPS","Global","SF_Pixel","1","5119"
"FSimpleElementGammaPS_Linear","Global","SF_Pixel","1","5586"
"FSimpleElementGammaPS_SRGB","Global","SF_Pixel","1","5586"
"FSimpleElementHitProxyPS","Global","SF_Pixel","1","4577"
"FSimpleElementMaskedGammaPS_Linear","Global","SF_Pixel","1","6043"
"FSimpleElementMaskedGammaPS_SRGB","Global","SF_Pixel","1","6043"
"FSimpleElementNormalMapPS","Global","SF_Pixel","1","4793"
"FSimpleElementPS","Global","SF_Pixel","1","5095"
"FSimpleElementTexture2DPreviewPS","Global","SF_Pixel","3","25251"
"FSimpleElementVS","Global","SF_Vertex","1","5644"
"FSimpleLightTranslucentLightingInjectPS","Global","SF_Pixel","1","6698"
"FSimulationShaderDefaultCS","Global","SF_Compute","1","60079"
"FSingleLayerWaterCompositePS","Global","SF_Pixel","4","64444"
"FSingleLayerWaterRefractionCullingPS","Global","SF_Pixel","2","9398"
"FSingleLayerWaterRefractionMaskPS","Global","SF_Pixel","1","8465"
"FSkinUpdateCS","Global","SF_Compute","18","132804"
"FSlateDebugBatchingPS","Global","SF_Pixel","1","4239"
"FSlateDebugOverdrawPS","Global","SF_Pixel","1","3696"
"FSlateElementVS","Global","SF_Vertex","1","5839"
"FSlateMaskingPS","Global","SF_Pixel","1","3708"
"FSlateMaskingVS","Global","SF_Vertex","1","4920"
"FSlatePostProcessBlurPS","Global","SF_Pixel","1","5769"
"FSlatePostProcessColorDeficiencyPS","Global","SF_Pixel","1","9164"
"FSlatePostProcessDownsamplePS","Global","SF_Pixel","1","5151"
"FSlatePostProcessUpsamplePS","Global","SF_Pixel","3","19856"
"FSortProbeTraceTilesCS","Global","SF_Compute","1","6207"
"FSparseVolumeTextureUpdateFromSparseBufferCS","Global","SF_Compute","3","21447"
"FSparseVolumeTextureUpdatePageTableCS","Global","SF_Compute","1","5303"
"FSpecularProfileConvolveCS","Global","SF_Compute","2","17408"
"FSpecularProfileCopyCS","Global","SF_Compute","2","11329"
"FSpliceCardPagesIntoTilesCS","Global","SF_Compute","1","7135"
"FSplineMeshTextureFillCS","Global","SF_Compute","1","10744"
"FStereoLayerPS","Global","SF_Pixel","1","4784"
"FStereoLayerPS_External","Global","SF_Pixel","1","4807"
"FStereoLayerVS","Global","SF_Vertex","1","5390"
"FStochasticLightingStoreSceneHistoryCS","Global","SF_Compute","2","12087"
"FSubstrateTilePassVS","Global","SF_Vertex","4","21427"
"FSubsurfaceBuildIndirectDispatchArgsCS","Global","SF_Compute","1","5276"
"FSubsurfaceIndirectDispatchCS","Global","SF_Compute","35","576866"
"FSubsurfaceIndirectDispatchSetupCS","Global","SF_Compute","42","469109"
"FSubsurfaceInitValueBufferCS","Global","SF_Compute","1","4105"
"FSubsurfaceRecombineCopyPS","Global","SF_Pixel","1","4208"
"FSubsurfaceRecombinePS","Global","SF_Pixel","9","71259"
"FSubsurfaceSRVResolvePS","Global","SF_Pixel","1","4215"
"FSubsurfaceTileBuildIndirectDispatchArgsCS","Global","SF_Compute","1","5138"
"FSubsurfaceTileFallbackScreenPassVS","Global","SF_Vertex","1","4818"
"FSubsurfaceTilePassVS","Global","SF_Vertex","1","5352"
"FSubsurfaceViewportCopyPS","Global","SF_Pixel","1","4215"
"FSubsurfaceVisualizePS","Global","SF_Pixel","1","8694"
"FTSRClearPrevTexturesCS","Global","SF_Compute","1","5614"
"FTSRDecimateHistoryCS","Global","SF_Compute","16","346409"
"FTSRDetectThinGeometryCS","Global","SF_Compute","4","46986"
"FTSRDilateVelocityCS","Global","SF_Compute","6","219727"
"FTSRMeasureFlickeringLumaCS","Global","SF_Compute","1","6252"
"FTSRMeasureThinGeometryCoverageCS","Global","SF_Compute","2","12518"
"FTSRRejectShadingCS","Global","SF_Compute","12","437805"
"FTSRResolveHistoryCS","Global","SF_Compute","2","17567"
"FTSRSpatialAntiAliasingCS","Global","SF_Compute","2","26210"
"FTSRTSRWeightRelaxationCS","Global","SF_Compute","2","16082"
"FTSRUpdateHistoryCS","Global","SF_Compute","6","175182"
"FTSRVisualizeCS","Global","SF_Compute","1","22608"
"FTemporalAACS","Global","SF_Compute","63","1059691"
"FTemporalUpsampleDepthPS","Global","SF_Pixel","1","9887"
"FTestImagePS","Global","SF_Pixel","1","9581"
"FTonemapCS","Global","SF_Compute","124","1712345"
"FTonemapPS","Global","SF_Pixel","124","1609607"
"FTonemapVS","Global","SF_Vertex","1","6425"
"FTopLevelCreateBitmaskCS","Global","SF_Compute","1","6029"
"FTopLevelGridCalculateVoxelSize","Global","SF_Compute","1","10952"
"FTransferVelocityPassCS","Global","SF_Compute","1","5125"
"FTranslucencyUpsampleResponsiveAAPS","Global","SF_Pixel","1","5502"
"FTranslucencyVolumeIntegrateCS","Global","SF_Compute","2","23503"
"FTranslucencyVolumeSpatialSeparableFilterCS","Global","SF_Compute","1","6897"
"FTranslucencyVolumeTraceVoxelsCS","Global","SF_Compute","12","358567"
"FTranslucentLightingInjectBatchCS","Global","SF_Compute","8","115158"
"FUYVYConvertPS","Global","SF_Pixel","1","6558"
"FUndistortImagePointsCS","Global","SF_Compute","1","5266"
"FUpdateCacheForUsedProbesCS","Global","SF_Compute","1","8388"
"FUpdateHistoryDepthRejectionPS","Global","SF_Pixel","1","12028"
"FUpdateTexture2DSubresourceCS_Float","Global","SF_Compute","1","5055"
"FUpdateTexture2DSubresourceCS_Int32","Global","SF_Compute","1","5042"
"FUpdateTexture2DSubresourceCS_Uint32","Global","SF_Compute","1","5037"
"FUpdateTexture3DSubresourceCS","Global","SF_Compute","1","5555"
"FUploadHeightFieldToAtlasCS","Global","SF_Compute","1","5696"
"FUploadVisibilityToAtlasCS","Global","SF_Compute","1","6006"
"FUpscalePS","Global","SF_Pixel","14","84606"
"FUpscaleVS","Global","SF_Vertex","1","5831"
"FVYUConvertPS","Global","SF_Pixel","1","6931"
"FViewDepthCopyCS","Global","SF_Compute","1","4752"
"FVisualizeBitFieldFloatTexturePS","Global","SF_Pixel","1","5695"
"FVisualizeBufferPS","Global","SF_Pixel","1","5931"
"FVisualizeComplexityApplyPS","Global","SF_Pixel","1","12169"
"FVisualizeDOFPS","Global","SF_Pixel","1","7297"
"FVisualizeDistanceFieldUpsamplePS","Global","SF_Pixel","1","4246"
"FVisualizeGBufferHintsPS","Global","SF_Pixel","1","12429"
"FVisualizeHDRPS","Global","SF_Pixel","1","57499"
"FVisualizeLevelInstancePS","Global","SF_Pixel","4","33195"
"FVisualizeLocalExposurePS","Global","SF_Pixel","2","20050"
"FVisualizeLumenSceneCS","Global","SF_Compute","24","1535034"
"FVisualizeLumenSceneCursorDataCS","Global","SF_Compute","1","19496"
"FVisualizeMeshDistanceFieldCS","Global","SF_Compute","9","198416"
"FVisualizeMotionVectorsPS","Global","SF_Pixel","1","8763"
"FVisualizeNanitePS","Global","SF_Pixel","1","5931"
"FVisualizePrimitiveGroupsCS","Global","SF_Compute","1","8433"
"FVisualizeRadianceCachePS","Global","SF_Pixel","5","44371"
"FVisualizeRadianceCacheVS","Global","SF_Vertex","1","6972"
"FVisualizeRadiosityProbesPS","Global","SF_Pixel","1","7555"
"FVisualizeRadiosityProbesVS","Global","SF_Vertex","1","6629"
"FVisualizeReflectionTracesCS","Global","SF_Compute","1","14436"
"FVisualizeShadingModelPS","Global","SF_Pixel","1","6974"
"FVisualizeTexturePS","Global","SF_Pixel","8","51863"
"FVisualizeTiledScreenSpaceReflectionsPS","Global","SF_Pixel","10","141954"
"FVisualizeTiledScreenSpaceReflectionsVS","Global","SF_Vertex","1","5109"
"FVisualizeTracesCS","Global","SF_Compute","1","8743"
"FVisualizeTracesPS","Global","SF_Pixel","1","3875"
"FVisualizeTracesVS","Global","SF_Vertex","1","5577"
"FVisualizeVirtualTextureApplyPS","Global","SF_Pixel","1","6269"
"FVisualizeVolumetricLightmapPS","Global","SF_Pixel","1","9299"
"FVisualizeVolumetricLightmapVS","Global","SF_Vertex","1","9475"
"FVolumeTextureTilePreviewPS","Global","SF_Pixel","1","7681"
"FVolumeTextureTracePreviewPS","Global","SF_Pixel","1","8780"
"FVolumetricFogFinalIntegrationCS","Global","SF_Compute","1","8376"
"FVolumetricFogLightScatteringCS","Global","SF_Compute","120","4227956"
"FVolumetricFogMaterialSetupCS","Global","SF_Compute","4","42076"
"FWaterInfoTextureBlurPS","Global","SF_Pixel","1","5844"
"FWaterInfoTextureMergePS","Global","SF_Pixel","1","7667"
"FWaterRefractionCopyPS","Global","SF_Pixel","6","28805"
"FWaterTileCategorisationMarkCS","Global","SF_Compute","2","15709"
"FWaterTileClassificationBuildListsCS","Global","SF_Compute","4","33123"
"FWaterTileVS","Global","SF_Vertex","1","5109"
"FWholeSceneDirectionalShadowStencilVS","Global","SF_Vertex","1","4411"
"FWideCustomResolve0_1x_falsePS","Global","SF_Pixel","1","4648"
"FWideCustomResolve0_1x_truePS","Global","SF_Pixel","1","4648"
"FWideCustomResolve2_0x_falsePS","Global","SF_Pixel","1","4921"
"FWideCustomResolve2_0x_truePS","Global","SF_Pixel","1","4921"
"FWideCustomResolve2_1x_falsePS","Global","SF_Pixel","1","5452"
"FWideCustomResolve2_1x_truePS","Global","SF_Pixel","1","5452"
"FWideCustomResolve2_2x_falsePS","Global","SF_Pixel","1","5626"
"FWideCustomResolve2_2x_truePS","Global","SF_Pixel","1","5626"
"FWideCustomResolve2_3x_falsePS","Global","SF_Pixel","1","5613"
"FWideCustomResolve2_3x_truePS","Global","SF_Pixel","1","5613"
"FWideCustomResolve4_0x_falsePS","Global","SF_Pixel","1","4921"
"FWideCustomResolve4_0x_truePS","Global","SF_Pixel","1","4921"
"FWideCustomResolve4_1x_falsePS","Global","SF_Pixel","1","5915"
"FWideCustomResolve4_1x_truePS","Global","SF_Pixel","1","5915"
"FWideCustomResolve4_2x_falsePS","Global","SF_Pixel","1","6294"
"FWideCustomResolve4_2x_truePS","Global","SF_Pixel","1","6294"
"FWideCustomResolve4_3x_falsePS","Global","SF_Pixel","1","6583"
"FWideCustomResolve4_3x_truePS","Global","SF_Pixel","1","6583"
"FWideCustomResolve8_0x_falsePS","Global","SF_Pixel","1","4921"
"FWideCustomResolve8_0x_truePS","Global","SF_Pixel","1","4921"
"FWideCustomResolve8_1x_falsePS","Global","SF_Pixel","1","7053"
"FWideCustomResolve8_1x_truePS","Global","SF_Pixel","1","7053"
"FWideCustomResolve8_2x_falsePS","Global","SF_Pixel","1","7511"
"FWideCustomResolve8_2x_truePS","Global","SF_Pixel","1","7511"
"FWideCustomResolve8_3x_falsePS","Global","SF_Pixel","1","8044"
"FWideCustomResolve8_3x_truePS","Global","SF_Pixel","1","8044"
"FWideCustomResolveVS","Global","SF_Vertex","1","4063"
"FWriteToBoundingSphereVS","Global","SF_Vertex","1","6609"
"FWriteToSliceVS","Global","SF_Vertex","1","4895"
"FYCbCrConvertPS","Global","SF_Pixel","1","5826"
"FYCbCrConvertPS_4x4Matrix","Global","SF_Pixel","1","5833"
"FYCoCgConvertPS","Global","SF_Pixel","1","6892"
"FYUVConvertPS","Global","SF_Pixel","1","5995"
"FYUVY416ConvertPS","Global","SF_Pixel","1","7038"
"FYUVv210ConvertPS","Global","SF_Pixel","1","7259"
"FYUVv216ConvertPS","Global","SF_Pixel","1","7982"
"FYUY2ConvertPS","Global","SF_Pixel","1","6622"
"FYVYUConvertPS","Global","SF_Pixel","1","6563"
"NiagaraComputeFreeIDsCS","Global","SF_Compute","1","6880"
"NiagaraFillIntBufferCS","Global","SF_Compute","1","4607"
"RenderSkyAtmosphereEditorHudPS","Global","SF_Pixel","1","20623"
"TCopyDataCS<1>","Global","SF_Compute","1","4421"
"TCopyDataCS<2>","Global","SF_Compute","1","4522"
"TDirectionalPercentageCloserShadowProjectionPS5false","Global","SF_Pixel","1","17616"
"TDirectionalPercentageCloserShadowProjectionPS5true","Global","SF_Pixel","1","17859"
"TGPUSkinCacheCS<(0 * 32 + 0 * 16 + 0 * 4 + 0)>","Global","SF_Compute","1","7075"
"TGPUSkinCacheCS<(0 * 32 + 0 * 16 + 0 * 4 + 1)>","Global","SF_Compute","1","7464"
"TGPUSkinCacheCS<(0 * 32 + 0 * 16 + 0 * 4 + 2)>","Global","SF_Compute","1","12600"
"TGPUSkinCacheCS<(0 * 32 + 0 * 16 + 1 * 4 + 0)>","Global","SF_Compute","1","7650"
"TGPUSkinCacheCS<(0 * 32 + 0 * 16 + 1 * 4 + 1)>","Global","SF_Compute","1","8002"
"TGPUSkinCacheCS<(0 * 32 + 0 * 16 + 1 * 4 + 2)>","Global","SF_Compute","1","13283"
"TGPUSkinCacheCS<(0 * 32 + 0 * 16 + 2 * 4 + 0)>","Global","SF_Compute","1","7256"
"TGPUSkinCacheCS<(0 * 32 + 0 * 16 + 2 * 4 + 1)>","Global","SF_Compute","1","7684"
"TGPUSkinCacheCS<(0 * 32 + 0 * 16 + 2 * 4 + 2)>","Global","SF_Compute","1","12844"
"TGPUSkinCacheCS<(0 * 32 + 1 * 16 + 0 * 4 + 0)>","Global","SF_Compute","1","7087"
"TGPUSkinCacheCS<(0 * 32 + 1 * 16 + 0 * 4 + 1)>","Global","SF_Compute","1","7475"
"TGPUSkinCacheCS<(0 * 32 + 1 * 16 + 0 * 4 + 2)>","Global","SF_Compute","1","12857"
"TGPUSkinCacheCS<(0 * 32 + 1 * 16 + 1 * 4 + 0)>","Global","SF_Compute","1","7675"
"TGPUSkinCacheCS<(0 * 32 + 1 * 16 + 1 * 4 + 1)>","Global","SF_Compute","1","8036"
"TGPUSkinCacheCS<(0 * 32 + 1 * 16 + 1 * 4 + 2)>","Global","SF_Compute","1","13339"
"TGPUSkinCacheCS<(1 * 32 + 0 * 16 + 0 * 4 + 0)>","Global","SF_Compute","1","7099"
"TGPUSkinCacheCS<(1 * 32 + 0 * 16 + 0 * 4 + 1)>","Global","SF_Compute","1","7514"
"TGPUSkinCacheCS<(1 * 32 + 0 * 16 + 0 * 4 + 2)>","Global","SF_Compute","1","12743"
"TGPUSkinCacheCS<(1 * 32 + 0 * 16 + 1 * 4 + 0)>","Global","SF_Compute","1","7690"
"TGPUSkinCacheCS<(1 * 32 + 0 * 16 + 1 * 4 + 1)>","Global","SF_Compute","1","8069"
"TGPUSkinCacheCS<(1 * 32 + 0 * 16 + 1 * 4 + 2)>","Global","SF_Compute","1","13289"
"TGPUSkinCacheCS<(1 * 32 + 1 * 16 + 0 * 4 + 0)>","Global","SF_Compute","1","7147"
"TGPUSkinCacheCS<(1 * 32 + 1 * 16 + 0 * 4 + 1)>","Global","SF_Compute","1","7530"
"TGPUSkinCacheCS<(1 * 32 + 1 * 16 + 0 * 4 + 2)>","Global","SF_Compute","1","12705"
"TGPUSkinCacheCS<(1 * 32 + 1 * 16 + 1 * 4 + 0)>","Global","SF_Compute","1","7705"
"TGPUSkinCacheCS<(1 * 32 + 1 * 16 + 1 * 4 + 1)>","Global","SF_Compute","1","8067"
"TGPUSkinCacheCS<(1 * 32 + 1 * 16 + 1 * 4 + 2)>","Global","SF_Compute","1","13360"
"TMeshPaintDilatePixelShader","Global","SF_Pixel","1","5726"
"TMeshPaintDilateVertexShader","Global","SF_Vertex","1","4876"
"TMeshPaintPixelShader","Global","SF_Pixel","5","35133"
"TMeshPaintVertexShader","Global","SF_Vertex","1","4869"
"TOneColorPixelShaderMRT","Global","SF_Pixel","43","220724"
"TOneColorVSfalsefalse","Global","SF_Vertex","1","5153"
"TOneColorVSfalsetrue","Global","SF_Vertex","1","5339"
"TOneColorVStruefalse","Global","SF_Vertex","1","4354"
"TOneColorVStruetrue","Global","SF_Vertex","1","4526"
"TPageTableUpdatePS<PF_R16G16B16A16_UINT>","Global","SF_Pixel","1","3820"
"TPageTableUpdatePS<PF_R16G16_UINT>","Global","SF_Pixel","1","3820"
"TPageTableUpdatePS<PF_R16_UINT>","Global","SF_Pixel","1","3748"
"TPageTableUpdatePS<PF_R32G32B32A32_UINT>","Global","SF_Pixel","1","3820"
"TPageTableUpdatePS<PF_R32G32_UINT>","Global","SF_Pixel","1","3820"
"TPageTableUpdatePS<PF_R32_UINT>","Global","SF_Pixel","1","3748"
"TPageTableUpdateVS<false>","Global","SF_Vertex","1","5585"
"TPageTableUpdateVS<true>","Global","SF_Vertex","1","5595"
"TParticleInjectionPS<false>","Global","SF_Pixel","1","3977"
"TParticleInjectionPS<true>","Global","SF_Pixel","1","3857"
"TParticleSimulationPS<PCM_DepthBuffer>","Global","SF_Pixel","1","16527"
"TParticleSimulationPS<PCM_DistanceField>","Global","SF_Pixel","1","18866"
"TParticleSimulationPS<PCM_None>","Global","SF_Pixel","1","11173"
"TPrefilterPlanarReflectionPS<false>","Global","SF_Pixel","1","5002"
"TPrefilterPlanarReflectionPS<true>","Global","SF_Pixel","1","9122"
"TScreenVSForGS<false>","Global","SF_Vertex","1","4790"
"TScreenVSForGS<true>","Global","SF_Vertex","1","5012"
"TShadowProjectionFromTranslucencyPS<1>","Global","SF_Pixel","1","8220"
"TShadowProjectionFromTranslucencyPS<2>","Global","SF_Pixel","1","8220"
"TShadowProjectionFromTranslucencyPS<3>","Global","SF_Pixel","1","8220"
"TShadowProjectionFromTranslucencyPS<4>","Global","SF_Pixel","1","8220"
"TShadowProjectionFromTranslucencyPS<5>","Global","SF_Pixel","1","8220"
"TSlateElementPSBorderfalsefalsefalsefalseA","Global","SF_Pixel","1","5826"
"TSlateElementPSBorderfalsetruefalsefalseA","Global","SF_Pixel","1","5817"
"TSlateElementPSBordertruefalsefalsefalseA","Global","SF_Pixel","1","5846"
"TSlateElementPSBordertruetruefalsefalseA","Global","SF_Pixel","1","5838"
"TSlateElementPSColorFontfalsetruefalsefalseA","Global","SF_Pixel","1","5271"
"TSlateElementPSColorFonttruetruefalsefalseA","Global","SF_Pixel","1","5254"
"TSlateElementPSDefaultfalsefalsefalsefalseA","Global","SF_Pixel","1","5241"
"TSlateElementPSDefaultfalsefalsefalsetrueA","Global","SF_Pixel","1","10869"
"TSlateElementPSDefaultfalsefalsetruefalseA","Global","SF_Pixel","1","5292"
"TSlateElementPSDefaultfalsefalsetruetrueA","Global","SF_Pixel","1","10783"
"TSlateElementPSDefaultfalsetruefalsefalseA","Global","SF_Pixel","1","5284"
"TSlateElementPSDefaultfalsetruefalsetrueA","Global","SF_Pixel","1","10650"
"TSlateElementPSDefaultfalsetruetruefalseA","Global","SF_Pixel","1","5301"
"TSlateElementPSDefaultfalsetruetruetrueA","Global","SF_Pixel","1","10587"
"TSlateElementPSDefaulttruefalsefalsefalseA","Global","SF_Pixel","1","5280"
"TSlateElementPSDefaulttruefalsefalsetrueA","Global","SF_Pixel","1","10928"
"TSlateElementPSDefaulttruefalsetruefalseA","Global","SF_Pixel","1","5297"
"TSlateElementPSDefaulttruefalsetruetrueA","Global","SF_Pixel","1","10880"
"TSlateElementPSDefaulttruetruefalsefalseA","Global","SF_Pixel","1","5269"
"TSlateElementPSDefaulttruetruefalsetrueA","Global","SF_Pixel","1","10687"
"TSlateElementPSDefaulttruetruetruefalseA","Global","SF_Pixel","1","5305"
"TSlateElementPSDefaulttruetruetruetrueA","Global","SF_Pixel","1","10650"
"TSlateElementPSGrayscaleFontfalsetruefalsefalseA","Global","SF_Pixel","1","5295"
"TSlateElementPSGrayscaleFonttruetruefalsefalseA","Global","SF_Pixel","1","5284"
"TSlateElementPSLineSegmentfalsetruefalsefalseA","Global","SF_Pixel","1","5670"
"TSlateElementPSLineSegmenttruetruefalsefalseA","Global","SF_Pixel","1","5660"
"TSlateElementPSMsdfFontfalsetruefalsefalseA","Global","SF_Pixel","1","6097"
"TSlateElementPSMsdfFonttruetruefalsefalseA","Global","SF_Pixel","1","6109"
"TSlateElementPSRoundedBoxfalsetruefalsefalseA","Global","SF_Pixel","1","7293"
"TSlateElementPSRoundedBoxtruetruefalsefalseA","Global","SF_Pixel","1","7354"
"TSlateElementPSSdfFontfalsetruefalsefalseA","Global","SF_Pixel","1","6068"
"TSlateElementPSSdfFonttruetruefalsefalseA","Global","SF_Pixel","1","6078"
"TSpotPercentageCloserShadowProjectionPS5false","Global","SF_Pixel","1","18930"
"TSpotPercentageCloserShadowProjectionPS5true","Global","SF_Pixel","1","19136"
"FDeferredDecalAmbientOcclusionPS","Material","SF_Pixel","1","6501"
"FDeferredDecalEmissivePS","Material","SF_Pixel","1","7523"
"FDeferredDecalPS","Material","SF_Pixel","1","6658"
"FLightFunctionAtlasSlotPS","Material","SF_Pixel","2","9961"
"FLightFunctionPS","Material","SF_Pixel","2","15024"
"FLightFunctionVS","Material","SF_Vertex","1","5017"
"FLumenDirectLightingShadowMaskFromLightAttenuationWithLightFunctionCS","Material","SF_Compute","40","790002"
"FLumenSceneEvaluateStandaloneLightMaterialCS","Material","SF_Compute","4","38745"
"FPostProcessMaterialPS","Material","SF_Pixel","4","28271"
"FPostProcessMaterialVS","Material","SF_Vertex","2","9398"
"FTranslucentLightingInjectPS","Material","SF_Pixel","32","625188"
"FVolumetricFogLightFunctionPS","Material","SF_Pixel","8","62973"
"FAnisotropyPS","MeshMaterial","SF_Pixel","6","66376"
"FAnisotropyVS","MeshMaterial","SF_Vertex","2","24257"
"FCloudRenderViewPS000","MeshMaterial","SF_Pixel","1","35551"
"FCloudRenderViewPS001","MeshMaterial","SF_Pixel","1","37661"
"FCloudRenderViewPS010","MeshMaterial","SF_Pixel","1","43031"
"FCloudRenderViewPS011","MeshMaterial","SF_Pixel","1","46041"
"FCloudRenderViewPS100","MeshMaterial","SF_Pixel","1","36261"
"FCloudRenderViewPS101","MeshMaterial","SF_Pixel","1","39474"
"FCloudRenderViewPS110","MeshMaterial","SF_Pixel","1","44886"
"FCloudRenderViewPS111","MeshMaterial","SF_Pixel","1","48479"
"FDepthOnlyPS","MeshMaterial","SF_Pixel","22","132662"
"FHitProxyPS","MeshMaterial","SF_Pixel","26","158063"
"FHitProxyVS","MeshMaterial","SF_Vertex","50","729131"
"FLandscapePhysicalMaterialPS","MeshMaterial","SF_Pixel","1","3676"
"FLandscapePhysicalMaterialVS","MeshMaterial","SF_Vertex","1","10801"
"FLumenCardPS","MeshMaterial","SF_Pixel","100","1154726"
"FLumenCardVS","MeshMaterial","SF_Vertex","16","181443"
"FLumenFrontLayerTranslucencyGBufferPS","MeshMaterial","SF_Pixel","12","131445"
"FLumenFrontLayerTranslucencyGBufferVS","MeshMaterial","SF_Vertex","4","47322"
"FLumenTranslucencyRadianceCacheMarkPS","MeshMaterial","SF_Pixel","2","29595"
"FLumenTranslucencyRadianceCacheMarkVS","MeshMaterial","SF_Vertex","19","245119"
"FMeshDecalsAmbientOcclusionPS","MeshMaterial","SF_Pixel","1","4350"
"FMeshDecalsEmissivePS","MeshMaterial","SF_Pixel","1","5599"
"FMeshDecalsPS","MeshMaterial","SF_Pixel","1","4418"
"FMeshDecalsVS","MeshMaterial","SF_Vertex","3","38326"
"FRenderVolumetricCloudEmptySpaceSkippingCS","MeshMaterial","SF_Compute","1","4143"
"FRenderVolumetricCloudRenderViewCS","MeshMaterial","SF_Compute","64","3581359"
"FRenderVolumetricCloudVS","MeshMaterial","SF_Vertex","1","3932"
"FVelocityPS","MeshMaterial","SF_Pixel","40","293455"
"FVelocityVS","MeshMaterial","SF_Vertex","50","932538"
"FVolumetricCloudShadowPS","MeshMaterial","SF_Pixel","1","14314"
"TBasePassPSFNoLightMapPolicy","MeshMaterial","SF_Pixel","135","2412833"
"TBasePassPSFNoLightMapPolicySkylight","MeshMaterial","SF_Pixel","109","2279587"
"TBasePassPSFSelfShadowedTranslucencyPolicy","MeshMaterial","SF_Pixel","13","636596"
"TBasePassPSFSelfShadowedTranslucencyPolicySkylight","MeshMaterial","SF_Pixel","13","657986"
"TBasePassVSFNoLightMapPolicy","MeshMaterial","SF_Vertex","79","1268108"
"TBasePassVSFSelfShadowedTranslucencyPolicy","MeshMaterial","SF_Vertex","9","188407"
"TDepthOnlyVS<false>","MeshMaterial","SF_Vertex","42","557070"
"TDepthOnlyVS<true>","MeshMaterial","SF_Vertex","3","31121"
"TShadowDepthPSPixelShadowDepth_NonPerspectiveCorrect","MeshMaterial","SF_Pixel","23","129935"
"TShadowDepthPSPixelShadowDepth_OnePassPointLight","MeshMaterial","SF_Pixel","23","129937"
"TShadowDepthPSPixelShadowDepth_PerspectiveCorrect","MeshMaterial","SF_Pixel","23","148408"
"TShadowDepthVSVertexShadowDepth_OnePassPointLight","MeshMaterial","SF_Vertex","42","561032"
"TShadowDepthVSVertexShadowDepth_OnePassPointLightPositionOnly","MeshMaterial","SF_Vertex","4","40093"
"TShadowDepthVSVertexShadowDepth_OutputDepth","MeshMaterial","SF_Vertex","42","603978"
"TShadowDepthVSVertexShadowDepth_OutputDepthPositionOnly","MeshMaterial","SF_Vertex","4","46457"
"TShadowDepthVSVertexShadowDepth_PerspectiveCorrect","MeshMaterial","SF_Vertex","42","602951"
"TShadowDepthVSVertexShadowDepth_PerspectiveCorrectPositionOnly","MeshMaterial","SF_Vertex","4","46278"
"TVirtualTexturePSBaseColor","MeshMaterial","SF_Pixel","11","71727"
"TVirtualTexturePSBaseColorNormalRoughness","MeshMaterial","SF_Pixel","14","121292"
"TVirtualTexturePSBaseColorNormalSpecular","MeshMaterial","SF_Pixel","14","119479"
"TVirtualTexturePSDisplacement","MeshMaterial","SF_Pixel","2","8908"
"TVirtualTexturePSMask4","MeshMaterial","SF_Pixel","2","7377"
"TVirtualTexturePSWorldHeight","MeshMaterial","SF_Pixel","4","30606"
"TVirtualTextureVSBaseColor","MeshMaterial","SF_Vertex","26","326727"
"TVirtualTextureVSBaseColorNormalRoughness","MeshMaterial","SF_Vertex","26","326727"
"TVirtualTextureVSBaseColorNormalSpecular","MeshMaterial","SF_Vertex","26","326727"
"TVirtualTextureVSDisplacement","MeshMaterial","SF_Vertex","26","326727"
"TVirtualTextureVSMask4","MeshMaterial","SF_Vertex","26","326727"
"TVirtualTextureVSWorldHeight","MeshMaterial","SF_Vertex","26","326727"
"TVoxelizeVolumePS<VMode_Object_Box>","MeshMaterial","SF_Pixel","1","13753"
"TVoxelizeVolumePS<VMode_Primitive_Sphere>","MeshMaterial","SF_Pixel","1","13090"
"TVoxelizeVolumeVS<VMode_Object_Box>","MeshMaterial","SF_Vertex","1","12847"
"TVoxelizeVolumeVS<VMode_Primitive_Sphere>","MeshMaterial","SF_Vertex","1","13209"
"FComputeKernelShader","ComputeKernel","SF_Compute","145","1556147"
